총자산,"2,000
2,050
2,065
2,055",
순자산,"1,000
1,050
1,110
1,190",
Ÿ,A회계법인은 20x3년까지 계속해서 감사를,(물음 2) 전년도부터 ㈜대한의 회계감사를 수행
,"수행해 왔으며, 중요성 결정 시 세전이익이",중인 A회계법인의 오나라 회계사는 ㈜대한의 당기
,가장 적합한 벤치마크라고 판단해 왔다.,이자비용 적정성을 확인하는 절차를 수행하고자 한다.
,,이를 위하여 작년 감사조서를 열람한 결과 다음의
Ÿ,20x4년에는 투자자산손상차손 60억원이 발생,
,,실증적인 분석적절차가 수행되었음을 확인하였다.
,하여 과거 대비 세전이익이 일시적으로 감소,
,,"아래에 나열된 세부절차에 대하여 검토하고, 감사"
,"하였으나, 이후에는 발생하지 않을 예외적인",
,,기준서상 필수적으로 수행하여야 하는 절차를 고려
,증감 항목으로 판단하였다.,
,,하여 수정 또는 보완이 필요한 절차 두 가지를
