서술하시오.,
항목,통제활동
,㈜투명은행은 자체적 신용조사를 통해 각
,지점의 개별 대출금액 3억원까지는 횟수
①,제한 없이 지점장의 전결로 가능하도록
,"하고, 그 금액을 초과하는 경우 본사 승인을"
,받아 대출이 이루어지도록 한다.
,각 지점 직원은 최장 3년 내 타 지점으로
,"옮기도록 하고 있으며, 고향에 파견된 직원은"
②,
,지역에 대한 이해와 영업 확대를 위해 3년을
,초과하여 계속 근무가 가능하다.
