﻿0,1
회계,감사
8/16,3교시
(물음 2) 감사인은 경영진 또는 적합한 경우 지배,【문제 5】(11점)
"기구와 감사업무 조건에 대하여 합의하여야 하며,",
합의된 조건은 감사계약서 또는 기타 적절한 형태의,다음은 부정 등 특정항목별 감사절차와 관련된 물음
합의서에 기록되어야 한다. 감사계약서에 필수적으로,이다.
"기재해야 하는 사항 세 가지를 기재하시오(단,",
감사인은 계약서에 위의 조건을 기록할 필요가 없는,(물음 1) 각 항목의 설명이 적절한지 여부를 기재
"상황은 아니며, 아래 <예시>는 제외할 것).","하고, 적절하지 않은 경우 그 이유를 서술하시오."
