﻿0,1,2
,,김대한 회계사는 감사를 수행하기 전부터
,①,갑은행에서 2억원의 주택담보대출을 받았다.
사례,,
,,감사기간 동안 동 주택담보대출의 만기가
,,도래하여 동일한 조건으로 만기를 연장
A회계법인은 최근 B회계법인을 합병하,여,
,,하였다.
대형회계법인으로 출범하게 된 것을 기,념,
"하고, 신규고객을 유치하기 위해 지하",철,"B회계법인의
사원인
김한국
회계사는"
전면광고를 계획하고 있다.,,"㈜대한그룹의
재무제표감사를
수행하고"
,②,있다. ㈜대한그룹으로부터 받은 감사보수
자동차 제조회사인 ㈜대한은 주요 원재료,인,
,,총액이 B회계법인의 연간 전체 매출액의
브레이크패드를 ㈜민국으로부터 공급받,아,
,,30%에 달한다.
"가공한 후, 다시 ㈜민국에 납품하는 계약",을,
,,"C회계법인의
사원인
김만세
회계사는"
체결하였다. 회계팀 나몰라 과장은 해,당,
,,을은행의 재무제표감사를 수행하고 있다.
계약의 수익인식 회계처리에 대해 감사인,인,
,,감사기간 중 김만세 회계사는 여유자금이
C회계법인의 김기준 회계사에게 질문하,였,
,③,
,,생겨 5천만원을 한도로 예금자보호법을
으나 원하는 답변을 얻을 수 없었다. 이,에,
,,적용받는 을은행의 예금상품에 새로 가입
나몰라 과장은 원하는 답변을 얻기 위,해,
,,하였다.
지인인 D회계법인의 회계사에게 동일,한,
사안에 대해 의견을 구하였다.,,D회계법인은 ㈜대한교육과 IT교육프로
